full,marca
,Samsung Galaxy S20 FE 128 GB cloud navy 6 GB RAM
,Samsung j7 2016
,Samsung Galaxy A22 128 GB white 4 GB RAM
,Samsung j7 2016
,Samsung Galaxy A12 128 GB negro 4 GB RAM
,Samsung Galaxy A32 128 GB awesome black 4 GB RAM
,Samsung Galaxy A12 64 GB azul 4 GB RAM
,Samsung Galaxy Z Flip3 5G 128 GB phantom black 8 GB RAM
,Samsung Galaxy A52 128 GB awesome blue 6 GB RAM
,Samsung Galaxy S21 5G 128 GB phantom gray 8 GB RAM
,Samsung Galaxy S21+ 5G 128 GB phantom silver 8 GB RAM
,
,Samsung Galaxy Z Flip3 5G 128 GB phantom black 8 GB RAM
,Samsung Galaxy XCover Pro 64 GB negro 4 GB RAM
,Samsung Galaxy M12 (5000 mAh) Dual SIM 128 GB black 4 GB RAM
,Samsung Galaxy A22 128 GB black 4 GB RAM
,Samsung Galaxy A12 128 GB negro 4 GB RAM
,Samsung Galaxy S21 5G 128 GB phantom white 8 GB RAM
,Samsung Galaxy S21 Ultra 5G 256 GB phantom black 12 GB RAM
